,Neighborhood.Name,2013_population,2014_population,2015_population,2016_population,2017_population,10-14_population,15-19_population,20-24_population,25-29_population,30-34_population,35-39_population,40-44_population,45-49_population,5-9_population,50-54_population,55-59_population,60-64_population,65-69_population,70-74_population,75-79_population,80-84_population,85-89_population,90-94_population,>=95_population,female_population,male_population,total_transports,Day_bus_count,Night_bus_count,%night_buses,avg_dist_metro_stations,avg_dist_day_bus_stops,avg_dist_night_bus_stops,avg_dist_other_transport,avg_ppl_unemployed_with_benefits,avg_ppl_unemployed_seeking_job,male_unemployed,female_unemployed,avg_male_unemployed,avg_female_unemployed,2017_unemployed,%unemployed_population,total_accidents,bad_air_quality_count,ppl_to_from_Sant_Martí,ppl_to_from_Sants_Montjuïc,ppl_to_from_Eixample,ppl_to_from_Abroad,ppl_to_from_Catalonia,Latitude,Longitude,km_to_center_area,km_to_banking_area,km_to_residential_area,1star_hotels,2star_hotels,3star_hotels,Clusters,Clusters Category
0,baró de viver,2415,2481,2482,2507,2539,14.36,12.82,14.74,12.96,18.52,21.58,19.92,19.24,14.0,17.26,16.26,12.06,9.8,8.88,7.76,7.92,4.72,1.98,0.6,13.3,12.583333333333334,8.0,6,2,25.0,0.0,0.3274814922516419,0.421253529970685,0.0,78.15,18.36111111111111,60.5,50.958333333333336,60.5,50.958333333333336,1887,7.432059866089011,31,17,0,0,0,0,0,41.446044125,2.199503125,7.00245586940581,9.759552949359888,9.821642428905323,0,0,0,3,Cluster 4
1,can baró,8969,8859,8819,8965,8994,35.22,35.04,40.76,56.48,64.0,72.5,67.56,67.74,36.72,64.86,58.74,51.2,53.66,44.72,38.02,35.78,22.82,8.98,10.7,49.25,43.67916666666667,22.0,20,2,9.090909090909092,0.0,0.3891909944420641,0.22969593276754977,0.0,236.74166666666667,60.47222222222222,183.42708333333334,157.85416666666666,183.42708333333334,157.85416666666666,5876,6.533244385145652,15,83,0,0,0,0,0,41.41594290909091,2.162710590909091,3.273352081819166,5.236099818421536,5.660518731032958,0,0,0,3,Cluster 4
2,can peguera,2230,2262,2275,2258,2271,9.6,11.52,12.62,13.0,12.96,16.02,15.9,18.12,10.58,17.52,14.92,11.16,10.3,9.5,11.36,11.78,7.7,2.2,1.3,12.389583333333333,11.14375,4.0,4,0,0.0,0.0,0.1715616673821986,0.0,0.0,72.56666666666666,14.75,51.65625,50.114583333333336,51.65625,50.114583333333336,1745,7.683839718185821,8,88,0,0,0,0,0,41.43508825,2.1669495,5.347110946698359,7.019989754861713,7.815616867433792,0,0,0,3,Cluster 4
3,canyelles,7102,6981,6953,6923,6856,29.28,28.82,31.56,36.2,40.66,45.34,48.46,51.38,26.26,44.28,58.6,59.08,52.72,41.3,32.14,26.76,13.82,4.66,2.7,37.766666666666666,34.764583333333334,27.0,16,8,33.33333333333333,0.0708261357812542,0.4007244020074635,0.4148987868253231,0.0,287.18333333333334,57.22222222222222,204.41666666666666,197.47916666666666,204.41666666666666,197.47916666666666,6980,10.180863477246207,34,8,0,0,0,0,0,41.44294714814815,2.1660387407407407,6.222724848064951,7.681251498705484,8.662895483080174,0,0,0,3,Cluster 4
4,ciutat meridiana,10485,10171,10245,10041,10342,51.22,52.72,62.0,65.94,80.88,95.04,88.24,77.36,57.72,62.34,46.98,43.82,52.2,50.1,38.92,27.34,11.72,3.7,4.1,53.7875,53.05416666666667,47.0,29,17,36.95652173913043,0.0,0.36333293795322624,0.3987152205358723,0.0,582.6333333333333,100.05555555555556,370.3229166666667,433.0104166666667,370.3229166666667,433.0104166666667,13648,13.196673757493716,11,8,0,0,0,0,0,41.46165773076923,2.175352769230769,8.302967258617514,9.854023847378379,10.846239151470478,0,0,0,1,Cluster 2
5,Diagonal Mar i el Front Marítim del Poblenou,12894,13156,13369,13397,13629,68.84,44.14,37.12,55.82,115.42,150.78,158.62,116.26,91.4,83.26,60.42,52.2,55.24,50.06,36.4,29.36,15.74,6.66,10.9,70.70208333333333,67.725,44.0,29,10,25.64102564102564,0.08917652798017177,0.5967321063017782,0.42725379553254855,0.44798183817050663,417.23333333333335,85.625,288.4270833333333,297.3333333333333,288.4270833333333,297.3333333333333,9991,7.330691906963094,146,38,0,0,0,0,0,41.40754472727273,2.2122076363636363,4.194682433471854,8.496794298526849,6.971756290405774,1,0,0,1,Cluster 2
6,Horta,26543,26554,26467,26541,26715,108.92,103.76,121.96,145.66,168.88,202.28,212.94,200.9,110.68,190.7,161.66,150.32,165.46,146.24,132.48,117.32,71.44,31.38,45.3,146.51875,130.18958333333333,77.0,57,14,19.718309859154928,0.5581804971336013,0.7536400417755883,0.7870896370995011,0.0,903.8583333333333,186.51388888888889,650.9583333333334,618.75,650.9583333333334,618.75,21637,8.099195208684261,148,47,0,0,0,0,0,41.43399788311688,2.1580273246753245,5.316430488792463,6.482842833379808,7.5932911233144536,1,0,0,2,Cluster 3
7,Hostafrancs,15960,15666,15747,15889,15904,51.54,54.56,75.78,126.7,157.92,149.02,129.54,111.06,57.04,104.12,105.98,93.6,83.32,63.32,51.3,50.88,35.36,13.76,21.9,85.84583333333333,79.08333333333333,35.0,17,9,34.61538461538461,0.29522501099044757,0.37586613660837453,0.37945951354123714,0.9180766573771671,450.5833333333333,115.80555555555556,346.8020833333333,303.28125,346.8020833333333,303.28125,11312,7.112676056338029,125,2,0,0,0,0,0,41.37532285714286,2.1454676285714287,2.4359482990779804,2.7927021002437944,1.1075928425453618,1,2,1,1,Cluster 2
8,montbau,5111,5047,5046,5053,5102,19.3,21.14,17.64,23.94,28.2,34.52,38.74,44.66,21.14,38.04,22.64,17.88,18.08,24.6,36.7,39.68,26.1,12.82,18.5,29.310416666666665,23.520833333333332,23.0,13,5,27.77777777777778,0.731095741752122,0.4862046558984487,0.5933413478163374,0.0,141.15,30.708333333333332,101.55208333333333,97.91666666666667,101.55208333333333,97.91666666666667,3451,6.764014112112897,51,0,0,0,0,0,0,41.42994447826087,2.1436081739130435,5.259163216769877,5.490185925670145,7.1311126293113745,0,0,0,3,Cluster 4
9,navas,21811,21741,21966,22080,22129,88.02,88.12,101.54,129.44,151.84,174.88,166.4,163.6,84.76,158.78,144.72,132.52,140.3,112.14,97.12,88.74,56.66,23.62,30.9,122.1375,106.46041666666666,20.0,12,4,25.0,0.2763763397039383,0.47942208131451824,0.49675505236173284,0.0,625.225,150.90277777777777,486.75,407.9583333333333,486.75,407.9583333333333,15208,6.872429843192192,64,0,0,0,0,0,0,41.41770265,2.18572845,3.6510312443730135,6.918443242832102,6.488873670332175,0,0,0,2,Cluster 3
10,Pedralbes,11790,11652,11713,11862,12076,70.06,66.28,60.34,64.3,63.96,72.38,87.2,79.72,63.84,76.86,70.16,71.92,72.34,62.64,50.98,49.72,32.7,14.36,22.0,65.52916666666667,57.58125,80.0,64,11,14.666666666666666,0.8183225021227993,0.8300683121775896,1.0130518771090944,0.0,135.15833333333333,32.34722222222222,109.75,83.45833333333333,109.75,83.45833333333333,3261,2.7003974826101356,98,0,0,0,0,0,0,41.3886999,2.1133804874999997,4.749190201325303,0.3805385012232615,3.962982011840375,0,0,0,1,Cluster 2
11,Porta,24193,24224,24240,24519,25000,91.68,90.44,102.92,130.56,169.1,212.64,207.14,180.98,100.6,164.94,133.68,125.54,148.44,134.6,133.32,121.66,64.5,24.22,26.5,135.38958333333332,119.14375,27.0,22,4,15.384615384615385,0.0,0.5375895126184197,0.6855065739815552,0.0,819.4666666666667,166.68055555555554,588.03125,561.3125,588.03125,561.3125,19684,7.8736,181,0,0,0,0,0,0,41.43458274074074,2.1781888518518517,5.327327714528822,7.597594604012594,7.9874119620984425,0,0,0,2,Cluster 3
12,Provençals del Poblenou,20052,20096,20161,20369,20487,80.34,84.38,100.92,122.06,156.9,189.56,171.08,159.24,97.12,161.14,131.0,108.08,95.06,73.04,69.28,66.64,38.08,14.16,15.6,109.01666666666667,101.74375,44.0,23,16,41.02564102564102,0.0,0.6299753454645876,0.6102967059830946,0.7741220427077957,637.7083333333334,138.875,473.0104166666667,428.28125,473.0104166666667,428.28125,15556,7.593107824474057,197,0,0,0,0,0,0,41.41049945454545,2.2014996136363636,3.701061432372523,7.7550205581749445,6.572953456116721,0,0,0,1,Cluster 2
13,sant andreu,56476,56269,56503,56683,57183,237.36,222.3,239.52,306.86,395.42,492.42,482.5,414.24,260.72,393.38,396.7,370.18,354.82,258.64,210.42,187.0,118.08,50.84,69.1,311.4458333333333,278.375,92.0,48,25,34.24657534246575,0.8845540008094285,0.8577453197291612,0.8585343894416635,0.682506420667342,1796.825,422.97222222222223,1391.7916666666667,1171.46875,1391.7916666666667,1171.46875,43324,7.576377594739695,233,0,300,323,446,486,2906,41.43698118478261,2.189583130434783,5.784469558571116,8.466689838075878,8.565040285513783,0,0,0,0,Cluster 1
14,Sant Antoni,38260,38096,38033,38184,38345,124.48,131.4,173.14,268.94,351.46,348.94,295.34,280.46,128.14,259.34,232.72,209.26,198.02,174.66,161.66,156.66,113.84,51.82,76.4,210.34583333333333,187.4,75.0,39,14,26.41509433962264,0.7586638308818879,0.5787650795352779,0.735138507902477,0.5130747999290058,1015.1583333333333,252.44444444444446,743.9479166666666,714.3333333333334,743.9479166666666,714.3333333333334,25305,6.599295866475421,52,0,0,0,0,0,0,41.37891058666667,2.1594229733333337,1.2679583132151537,3.7929057756573807,1.6522027673064774,1,6,0,0,Cluster 1
15,sant genís dels agudells,6935,6884,6754,6725,6854,28.72,27.8,30.16,35.98,44.34,47.96,52.56,54.26,26.58,47.04,37.1,35.9,36.84,37.74,46.24,39.38,20.6,6.4,11.4,37.77291666666667,33.37708333333333,36.0,34,1,2.857142857142857,0.0,0.5281607368785083,0.0,0.0,195.04166666666666,42.44444444444444,140.36458333333334,135.27083333333334,140.36458333333334,135.27083333333334,4767,6.9550627370878315,385,0,0,0,0,0,0,41.42673663888889,2.135154,5.293501147668221,4.884588862155097,6.866417009414822,0,0,0,3,Cluster 4
16,Sant Gervasi - Galvany,46486,46466,46708,47089,47666,249.04,245.24,253.4,267.36,279.84,313.2,337.24,346.6,235.48,335.9,295.16,254.1,250.12,223.4,189.2,184.54,131.84,67.1,110.6,268.24791666666664,220.11666666666667,94.0,41,33,44.5945945945946,0.6283300975797516,0.7848837478655393,0.7656433692649416,0.6283300975797517,690.05,143.125,532.3229166666666,437.5833333333333,532.3229166666666,437.5833333333333,16219,3.4026350018881386,209,0,0,0,0,0,0,41.39829793617021,2.1429966808510637,2.592009291078699,2.745825601896368,3.64250653773063,0,3,0,0,Cluster 1
17,Sant Gervasi - la Bonanova,24607,24926,25246,25665,25774,141.02,133.36,143.14,139.16,141.58,166.64,194.66,176.68,138.98,171.14,156.38,136.98,137.5,118.1,100.56,92.4,68.34,34.98,57.1,142.675,120.27916666666667,95.0,69,14,16.867469879518072,0.0,0.7955109366389349,0.581624947884039,0.3802227632904271,363.675,77.125,288.53125,223.90625,288.53125,223.90625,8753,3.3960580429890586,80,0,0,0,0,0,0,41.409488252631576,2.132669042105263,4.005500999163383,3.051782919128624,5.04853554091651,0,3,2,2,Cluster 3
18,sant martí de provençals,25994,25917,25975,26010,26146,103.96,100.52,110.64,134.78,168.4,203.3,210.54,198.82,107.14,176.26,161.84,144.48,156.32,154.28,133.46,122.94,75.5,27.14,30.5,143.70416666666668,127.21666666666667,29.0,14,9,39.130434782608695,0.40705188027436645,0.504326795666253,0.42281260447320235,0.0,886.2083333333334,198.30555555555554,663.7083333333334,592.78125,663.7083333333334,592.78125,21819,8.345062342232081,134,0,0,0,0,0,0,41.416218827586206,2.198232931034483,4.007113167223437,7.75815902233544,6.900041615445846,0,0,0,2,Cluster 3
19,"Sant Pere, Santa Caterina i la Ribera",22769,22358,22457,22306,22721,61.28,75.36,116.4,239.44,296.3,263.42,206.64,163.98,74.26,134.26,108.76,87.16,79.88,69.26,60.24,62.14,44.36,18.94,31.7,117.69583333333334,116.91041666666666,44.0,26,12,31.57894736842105,0.6226497894608217,0.5189649042712559,0.6807692118844321,0.0,834.7,233.41666666666666,577.875,640.5625,577.875,640.5625,22002,9.683552660534307,177,0,0,0,0,0,0,41.386466431818185,2.181001,0.9122950722429475,5.527851701617622,3.466026498742122,3,10,2,2,Cluster 3
20,Sants,41057,40854,40687,40785,41127,144.82,147.3,189.22,292.2,368.36,365.0,321.38,294.84,150.3,283.66,263.96,228.74,215.34,179.02,157.6,160.0,106.72,44.58,53.6,224.74166666666667,201.32083333333333,92.0,46,21,31.343283582089555,0.6466426174915452,0.7347700842729775,0.769170335674708,0.0,1096.4166666666667,284.8611111111111,853.3958333333334,730.7708333333334,853.3958333333334,730.7708333333334,27193,6.611958081065966,71,0,0,0,0,0,0,41.3768825,2.136825289473684,3.0030110722760908,2.065687246445412,1.6338792931921904,0,0,0,0,Cluster 1
21,Sants - Badal,24351,24128,24014,23906,23987,82.82,88.0,121.74,170.84,200.84,201.62,181.08,165.1,88.88,170.68,172.18,156.0,143.58,110.54,88.42,89.44,59.88,21.8,25.6,133.36666666666667,117.4375,90.0,0,0,,0.0,0.0,0.0,0.0,588.025,153.40277777777777,464.5625,385.5208333333333,464.5625,385.5208333333333,14260,5.94488681369075,189,0,0,0,0,0,0,41.368186800000004,2.122144225,4.524529809463279,2.0129966478107075,2.3301748132978317,0,1,0,2,Cluster 3
22,Sarrià,24450,24523,24641,24799,25032,148.5,131.22,124.24,123.22,141.14,174.66,193.74,179.34,154.2,166.7,143.2,129.92,122.42,103.6,90.32,87.98,65.54,35.08,57.4,137.65208333333334,119.525,46.0,58,22,27.500000000000004,0.2670492919854783,0.776765344035546,0.632842341553371,0.8488280332232345,289.4583333333333,67.05555555555556,228.96875,183.14583333333334,228.96875,183.14583333333334,7096,2.8347714924896135,7,0,0,0,0,0,0,41.400022633333336,2.1188347444444444,4.526108650249323,1.6482206091019778,4.591050587634735,0,0,0,2,Cluster 3
23,torre baró,2192,2547,2727,2791,2856,16.2,15.6,16.1,17.14,18.58,21.36,22.22,21.28,16.88,18.92,15.48,12.7,9.58,8.54,7.72,4.84,2.98,0.94,1.7,13.652083333333334,13.666666666666666,20.0,41,1,2.380952380952381,0.08733071886629074,0.5662630032646285,0.0,0.0,111.65833333333333,19.15277777777778,70.97916666666667,82.95833333333333,70.97916666666667,82.95833333333333,2616,9.159663865546218,8,0,0,0,0,0,0,41.45914533999999,2.17958382,8.05137746767168,9.805991553335744,10.649845477185902,0,0,0,3,Cluster 4
24,vallbona,1346,1310,1335,1352,1372,6.94,5.76,6.54,5.84,9.58,15.8,13.02,9.16,9.26,7.3,6.78,6.06,4.4,4.12,4.98,4.84,2.94,1.88,4.0,7.139583333333333,6.85,77.0,19,1,5.0,0.0,0.3528644924021221,0.0,0.0,67.63333333333334,11.61111111111111,42.958333333333336,50.291666666666664,42.958333333333336,50.291666666666664,1582,11.53061224489796,150,0,0,0,0,0,0,41.4645571,2.18293705,8.67984465356319,10.462321451672713,11.300496837740024,0,0,0,3,Cluster 4
25,Vallcarca i els Penitents,15453,15413,15492,15591,15759,69.06,60.9,67.82,91.22,112.84,125.74,129.5,113.0,71.84,102.6,95.68,89.06,90.94,80.16,63.32,57.92,38.04,19.14,32.6,86.875,75.01666666666667,122.0,61,10,14.084507042253522,0.4708201140862936,0.6560573640771239,0.5823622698649539,0.0,394.80833333333334,94.22222222222223,303.46875,260.7083333333333,303.46875,260.7083333333333,9693,6.150770988006853,26,0,0,0,0,0,0,41.415376259740256,2.1418913246753246,3.937223620065017,4.013969661987613,5.534102886522976,0,0,0,1,Cluster 2
26,"Vallvidrera, el Tibidabo i les Planes",4437,4514,4602,4632,4670,30.46,24.16,21.52,20.9,25.2,34.74,41.54,41.34,30.1,36.6,31.76,23.28,18.88,15.98,11.62,10.4,6.86,4.22,5.5,24.389583333333334,23.225,13.0,110,8,6.779661016949152,0.0,1.1154295782878088,0.8449705328060337,1.5874044773628102,54.68333333333333,11.833333333333334,41.072916666666664,36.15625,41.072916666666664,36.15625,1378,2.9507494646680943,24,0,0,0,0,0,0,41.42111058196721,2.09861068852459,7.07829379851506,4.186057484167534,7.479200143697691,0,0,1,3,Cluster 4
27,verdun,12329,12122,12225,12260,12353,48.8,49.68,58.42,75.76,92.12,104.46,100.8,92.4,54.38,81.06,69.42,57.42,66.14,63.1,62.46,51.44,28.0,11.66,12.6,68.33333333333333,59.35208333333333,33.0,9,4,30.76923076923077,0.0,0.38830749455719865,0.4060781412775622,0.0,477.3666666666667,95.04166666666667,339.7604166666667,328.2291666666667,339.7604166666667,328.2291666666667,11605,9.394479073909173,88,0,0,0,0,0,0,41.44220023076923,2.1758526923076924,6.149148737095107,8.101595079030695,8.748203733059228,0,0,0,1,Cluster 2
28,vilapicina i la torre llobeta,25543,25336,25451,25508,25591,100.02,101.64,117.12,137.46,168.22,202.46,201.06,187.66,104.74,180.66,167.72,153.2,154.34,128.9,120.44,114.46,71.78,30.12,37.4,143.40625,122.07083333333334,29.0,17,8,32.0,0.4121481315612786,0.5070520079723085,0.49019138256119504,0.0,838.6583333333333,173.5,601.9791666666666,576.46875,601.9791666666666,576.46875,20117,7.860966746121684,111,0,0,0,0,0,0,41.42810784848485,2.1747601212121213,4.581767282578183,6.88829382798479,7.215874829718146,0,0,0,2,Cluster 3
29,el Baix Guinardó,25641,25527,25466,25547,25672,89.26,94.44,117.34,163.7,193.06,212.86,192.94,176.22,93.72,179.56,170.72,149.04,140.58,124.02,115.14,117.78,82.08,39.78,46.1,143.54583333333332,122.81458333333333,43.0,18,7,28.000000000000004,0.09325152536792712,0.4035096434651322,0.5410449431021949,0.0,648.5583333333333,163.0,497.53125,435.4166666666667,497.53125,435.4166666666667,16160,6.294795886569025,178,0,0,0,0,0,0,41.41172444827586,2.1672917586206895,2.755861632186554,5.2607444057642105,5.293992727656692,1,0,0,2,Cluster 3
30,el Barri Gòtic,16267,15734,15484,15614,16062,42.06,39.82,100.52,198.92,201.26,176.88,138.3,114.54,44.8,98.92,83.26,67.06,55.98,46.4,40.52,39.08,27.94,15.08,23.4,78.29166666666667,86.62708333333333,52.0,23,16,41.02564102564102,0.6056093407943496,0.6198941025961864,0.6387812533674071,0.0,531.225,131.23611111111111,332.28125,430.1770833333333,332.28125,430.1770833333333,13526,8.421118167102478,76,0,0,0,0,0,0,41.38034634090909,2.178120727272727,0.9972929875800698,5.316717310979876,2.8588984314098345,9,16,8,1,Cluster 2
31,el Besòs i el Maresme,23118,22829,22834,22746,23009,99.6,103.94,128.98,157.56,184.8,195.24,173.32,168.48,113.66,167.24,147.14,115.9,87.26,72.22,92.96,97.76,53.1,16.98,19.8,117.375,121.24166666666666,54.0,28,14,33.33333333333333,0.4395610396047601,0.5455276462304083,0.5919909655144991,0.8412058768964457,955.7833333333333,195.18055555555554,660.875,680.2395833333334,660.875,680.2395833333334,22873,9.940892694163153,129,0,0,0,0,0,0,41.41540176923077,2.2142522307692305,4.854884891717589,8.946364641280507,7.697248633287221,0,0,0,2,Cluster 3
32,el Bon Pastor,12800,12670,12554,12589,12560,66.32,54.82,54.9,64.32,86.98,126.38,127.08,102.56,82.96,80.02,63.84,53.34,59.86,50.08,46.06,38.38,22.32,7.8,7.6,65.65,65.96041666666666,39.0,38,14,26.923076923076923,0.036937446551513105,0.5937315618642964,0.6115168667690996,0.0,444.10833333333335,104.58333333333333,343.9375,289.6354166666667,343.9375,289.6354166666667,10712,8.528662420382165,122,0,0,0,0,0,0,41.43695424074075,2.2031384814814814,6.19681556036565,9.33190502329839,9.06277621436332,0,1,0,1,Cluster 2
33,el Camp d'en Grassot i Gràcia Nova,34439,34043,33918,34234,34329,123.62,120.48,153.5,217.84,286.74,292.86,254.54,234.38,131.34,226.76,221.38,218.32,211.4,170.18,145.88,127.86,89.76,43.52,60.7,193.15625,163.01666666666668,27.0,22,14,38.88888888888889,0.05436700422789187,0.48290982197489823,0.5256071051241357,0.0,841.0666666666667,208.94444444444446,643.3125,564.7291666666666,643.3125,564.7291666666666,20806,6.060764950916136,172,0,0,0,0,0,0,41.40615666666667,2.163715,2.193684635234832,4.682280862567507,4.61858531341128,1,0,0,2,Cluster 3
34,el Camp de l'Arpa del Clot,37933,37795,38178,38104,38168,131.28,135.76,165.4,249.58,318.54,340.88,298.82,269.92,139.12,260.48,240.78,235.04,241.78,184.2,149.16,141.62,98.72,44.7,58.5,210.68541666666667,185.51875,77.0,13,6,31.57894736842105,0.5401095834259806,0.5187982028573189,0.5910785063111743,0.0,1177.55,270.5833333333333,857.59375,817.28125,857.59375,817.28125,29109,7.626545797526724,92,0,0,0,0,0,0,41.412024111111116,2.1832676666666666,2.98868188658732,6.430917900450334,5.835630952888169,0,3,0,0,Cluster 1
35,el carmel,31789,31659,31456,31355,31551,132.56,130.4,146.46,181.46,236.58,278.38,265.64,239.06,143.86,211.58,171.68,172.7,195.14,170.32,149.04,110.36,57.88,21.46,25.6,171.13958333333332,157.63125,38.0,53,20,27.397260273972602,0.37293668477634273,0.5578054599242939,0.5871777220668756,0.0,1089.475,227.625,801.1145833333334,731.4479166666666,801.1145833333334,731.4479166666666,26021,8.247282178060917,151,0,0,0,0,0,0,41.42210805194805,2.1564694935064934,4.0625153742930475,5.349705529061738,6.266425162863503,0,0,0,2,Cluster 3
36,el clot,27169,27035,26933,26898,27039,116.54,118.52,129.74,167.68,204.1,222.24,216.14,213.42,121.82,206.48,195.3,173.92,145.52,106.66,88.62,82.9,56.6,22.98,25.3,146.16666666666666,135.2375,27.0,19,9,32.142857142857146,0.17452002661049357,0.5166694124146399,0.5542653771773999,0.09910048405914008,806.925,180.125,603.8541666666666,539.8958333333334,603.8541666666666,539.8958333333334,19745,7.302415030141647,23,0,0,0,0,0,0,41.410475842105264,2.1893474210526316,3.063146780100852,6.814929776947455,5.951956946740537,0,0,0,2,Cluster 3
37,el Coll,7232,7203,7349,7391,7412,30.32,28.44,35.04,42.06,54.9,69.84,61.74,54.6,33.08,53.06,45.14,41.54,42.04,34.98,29.4,21.48,13.06,5.06,8.6,40.49375,35.729166666666664,20.0,19,7,26.923076923076923,0.0,0.3263330438191945,0.2966881411407793,0.0,165.8,40.013888888888886,128.80208333333334,108.45833333333333,128.80208333333334,108.45833333333333,4068,5.488397193739881,38,0,0,0,0,0,0,41.418503333333334,2.148833037037037,3.9252744000786524,4.636134187182797,5.842022544348041,0,1,0,3,Cluster 4
38,el congrés i els indians,14010,13921,14043,14044,14116,54.48,57.14,64.84,71.24,99.1,115.94,113.78,108.2,59.58,103.46,86.58,68.4,65.84,58.84,56.96,76.04,55.58,20.66,24.3,79.55625,66.55625,51.0,12,3,20.0,0.23879314314371758,0.3537543936168952,0.2667008824362241,0.0,406.44166666666666,98.59722222222223,316.8541666666667,265.1458333333333,316.8541666666667,265.1458333333333,9883,7.001275148767356,277,0,0,0,0,0,0,41.42445465,2.1797101999999997,4.236197577290238,6.934394591092668,6.966033202157227,0,0,0,1,Cluster 2
39,el Fort Pienc,31738,31494,31543,31653,32016,116.8,118.04,151.8,231.18,274.84,286.96,243.64,214.58,123.86,215.34,206.6,184.02,172.78,138.82,117.84,116.9,77.9,39.48,54.7,175.1875,154.90416666666667,75.0,21,18,46.15384615384615,0.5938494475460138,0.4961223469444279,0.4964694054904108,0.5592663254244503,794.775,196.84722222222223,602.4270833333334,538.6770833333334,602.4270833333334,538.6770833333334,19885,6.210957021489255,113,0,0,0,0,0,0,41.39687833333333,2.1815770196078432,1.4566349951995246,5.71650010718113,4.3455470943305645,0,5,0,2,Cluster 3
40,el Guinardó,35679,35534,35773,36136,36467,143.18,139.28,159.82,214.0,272.66,311.02,293.38,269.24,144.18,247.42,223.28,201.24,203.54,171.98,153.78,143.56,94.96,38.56,57.0,200.50625,173.6375,61.0,53,18,25.352112676056336,0.40408463178552106,0.6064440428634521,0.7589670949086044,0.0,1041.4166666666667,234.90277777777777,793.1979166666666,684.75,793.1979166666666,684.75,25256,6.925713658924507,184,0,0,0,0,0,0,41.41830804,2.174132333333333,3.4930769484554123,6.14882706250984,6.16445199617815,0,0,0,2,Cluster 3
41,el Parc i la Llacuna del Poblenou,14355,14613,14708,14838,15134,52.86,51.74,76.1,108.74,135.92,148.72,116.9,100.1,56.62,99.3,94.8,89.92,77.12,58.18,46.86,47.74,29.02,12.32,14.8,79.52291666666666,73.91041666666666,131.0,29,18,38.297872340425535,0.5618926680165978,0.6994304721300327,0.6871144193389279,0.7657020017698902,390.56666666666666,86.34722222222223,296.0625,256.90625,296.0625,256.90625,9538,6.302365534557949,234,0,0,0,0,0,0,41.3988142295082,2.1896690163934425,2.096410074255092,6.424281063738978,4.945905896151692,1,1,0,1,Cluster 2
42,el poble sec,40984,40278,40208,40055,40228,143.38,148.1,192.76,310.94,422.56,428.0,362.78,310.76,155.96,271.54,226.18,184.84,169.38,143.36,134.9,133.08,82.42,35.7,45.5,213.57708333333332,206.74166666666667,52.0,0,0,,0.0,0.0,0.0,0.0,1454.3416666666667,300.4583333333333,978.0416666666666,1065.2291666666667,978.0416666666666,1065.2291666666667,34720,8.630804414835438,148,0,0,0,0,0,0,0.0,0.0,0.0,0.0,0.0,0,0,0,0,Cluster 1
43,el Poblenou,32838,33011,33437,33586,33843,159.96,121.54,123.56,182.34,269.08,350.2,352.84,287.2,189.4,227.8,183.68,146.84,134.82,111.2,99.7,101.94,74.6,29.58,32.8,178.27083333333334,169.05208333333334,65.0,31,17,35.41666666666667,0.46046146437143004,0.6898451634374376,0.6138082034387697,0.0,879.8916666666667,208.45833333333334,658.2395833333334,597.96875,658.2395833333334,597.96875,21836,6.452146677304022,134,0,0,0,0,0,0,41.40072063461538,2.201145903846154,3.009239946516061,7.407013910651555,5.777006547119344,1,2,1,2,Cluster 3
44,el Putxet i el Farró,29302,29171,29139,29368,29470,139.36,135.62,147.06,184.5,225.7,230.78,222.2,213.56,136.46,195.82,178.7,173.98,163.7,135.46,101.36,93.22,69.26,35.16,52.2,166.23541666666668,138.86875,56.0,34,20,37.03703703703704,0.536428976308184,0.6167748064642409,0.7051694530103492,0.43003345749621946,621.6333333333333,142.125,482.5208333333333,401.1145833333333,482.5208333333333,401.1145833333333,14920,5.062775704105871,150,0,0,0,0,0,0,41.40699776923077,2.1432043384615382,3.1618440771321,3.362418937440562,4.597123302063929,0,3,0,2,Cluster 3
45,el Raval,48800,47489,47142,47129,47608,176.52,184.22,309.58,486.38,556.44,541.84,446.48,365.54,203.22,287.2,223.98,172.18,147.7,119.4,114.18,101.22,69.84,30.34,36.3,225.78333333333333,270.4,24.0,31,11,26.190476190476193,0.7446118719281568,0.72756824281511,0.8364674323195556,0.0,2011.3333333333333,379.8888888888889,1106.5416666666667,1692.5416666666667,1106.5416666666667,1692.5416666666667,49606,10.419677365148715,24,0,0,0,0,0,0,41.38039521311475,2.1735365573770493,0.787537215955792,4.9350222582011245,2.553912105248093,5,24,3,0,Cluster 1
46,el turó de la peira,15593,15466,15389,15364,15467,63.36,65.72,79.02,90.54,110.16,125.0,118.14,116.98,67.98,114.96,85.96,60.52,51.04,53.9,79.44,98.08,70.06,20.64,14.9,86.52291666666666,74.475,96.0,17,3,15.0,0.32989271451020064,0.4030006094016661,0.35223850297755127,0.0,520.825,107.15277777777777,371.0104166666667,360.3854166666667,371.0104166666667,360.3854166666667,12469,8.061679705178769,588,0,0,0,0,0,0,41.43225925,2.1703014583333333,5.026376846918709,6.959472381466919,7.56542672654564,0,0,0,1,Cluster 2
47,l'Antiga Esquerra de l'Eixample,41773,41717,41664,41854,42284,145.18,144.56,203.1,330.12,379.62,366.82,319.74,287.14,153.46,286.86,262.74,230.24,215.04,180.88,163.5,158.9,119.54,59.58,105.0,234.84375,201.18125,50.0,52,36,40.909090909090914,0.6442804396729535,0.7097973359520527,0.7034888044950091,0.07126273616723934,962.85,212.44444444444446,717.8125,645.0833333333334,717.8125,645.0833333333334,22710,5.3708258442909855,138,0,0,0,0,0,0,41.389086114583336,2.1549525625,1.2892979861208336,3.371846369033547,2.6097226242101006,2,6,0,0,Cluster 1
48,la Barceloneta,15503,15104,15032,15021,14996,42.42,44.3,85.62,150.08,175.54,155.68,126.5,104.44,44.96,94.22,79.8,65.88,63.44,57.2,59.48,58.16,37.36,15.96,20.6,79.04791666666667,78.56875,24.0,34,14,29.166666666666668,0.0,0.8044940820427839,0.48694692213251684,0.0,602.2333333333333,169.97222222222223,416.375,463.8958333333333,416.375,463.8958333333333,15966,10.646839157108563,97,0,0,0,0,0,0,41.380226199999996,2.19065062,1.8751693134560163,6.360967984602874,3.76714522660259,1,1,3,1,Cluster 2
49,la bordeta,18577,18398,18378,18512,18530,69.6,70.36,88.1,122.5,142.6,144.1,137.14,134.76,70.2,137.12,137.26,118.92,107.66,81.66,76.98,70.96,42.66,18.44,20.8,101.60625,90.88333333333334,5.0,19,3,13.636363636363635,0.0,0.44088823072657657,0.4349432810939702,0.0,528.6666666666666,135.91666666666666,406.9583333333333,355.8125,406.9583333333333,355.8125,13279,7.166216945493794,24,0,0,0,0,0,0,41.368115625,2.1365280833333333,3.50639249134454,2.6426864567068638,1.1396391998058475,0,0,0,1,Cluster 2
50,la clota,438,521,542,583,610,1.74,2.3,2.16,3.68,6.2,5.84,4.64,4.48,2.54,3.34,2.16,1.64,1.76,1.76,2.7,1.54,1.3,0.68,0.1,2.752083333333333,2.8604166666666666,198.0,4,1,20.0,0.0,0.38353141283597275,0.0,0.0,10.483333333333333,2.1805555555555554,7.489583333333333,7.25,7.489583333333333,7.25,254,4.163934426229508,1167,0,0,0,0,0,0,41.428981199999996,2.154081,4.8512630531626435,5.836454551200521,7.01413627977788,0,0,0,3,Cluster 4
51,la Dreta de l'Eixample,43384,43340,43556,43644,44052,163.02,165.34,209.24,315.08,361.76,378.76,343.5,302.06,178.2,295.06,276.1,251.42,225.32,185.4,145.52,158.94,126.16,69.1,135.8,245.05208333333334,209.06458333333333,31.0,79,56,41.48148148148148,0.7691114163198851,0.7498705537418304,0.7460632057893768,0.44840710704146264,859.9583333333334,197.83333333333334,664.2083333333334,559.1145833333334,664.2083333333334,559.1145833333334,20638,4.684917824389358,42,0,0,0,0,0,0,41.39223777272727,2.1684912575757576,0.5971786262645673,4.542700138411767,3.314896288302642,9,14,17,0,Cluster 1
52,la font d'en fargues,9490,9440,9407,9400,9383,49.12,42.92,40.82,44.18,52.58,67.62,76.14,68.86,48.02,69.0,65.08,62.62,65.06,48.66,38.82,30.8,19.98,11.3,15.7,51.43125,46.735416666666666,7.0,28,3,9.67741935483871,0.0,0.4476980035337537,0.42447317360659964,0.0,319.7583333333333,66.45833333333333,234.79166666666666,214.75,234.79166666666666,214.75,7632,8.13385910689545,46,0,0,0,0,0,0,41.424023999999996,2.1656810322580644,4.128425128200289,6.028307767677974,6.589287505525326,0,0,0,3,Cluster 4
53,la Font de la Guatlla,10313,10309,10366,10302,10401,37.4,37.86,50.18,74.06,90.96,87.3,80.7,76.6,37.04,70.48,64.36,64.72,62.24,46.68,39.36,37.78,24.78,11.44,20.1,56.9625,50.72708333333333,29.0,5,2,28.57142857142857,0.0,0.5214591350692346,0.35399419880565,0.0,365.80833333333334,75.22222222222223,247.64583333333334,266.03125,247.64583333333334,266.03125,8743,8.405922507451207,52,0,0,0,0,0,0,41.369954285714286,2.1442837142857143,2.87309784099796,3.0006245228858286,0.6460442812138135,0,1,0,1,Cluster 2
54,la guineueta,15117,15056,15099,15043,15231,61.82,60.46,61.46,68.38,83.32,109.38,116.98,114.6,65.64,102.22,84.74,88.2,108.02,96.98,89.84,76.56,44.46,16.18,13.1,84.21875,73.16875,54.0,16,10,38.46153846153847,0.07860681252590085,0.4884243369720402,0.4642549317883233,0.0,588.6583333333333,117.26388888888889,419.0104166666667,404.7604166666667,419.0104166666667,404.7604166666667,14311,9.395968747948263,105,0,0,0,0,0,0,41.43872034482759,2.1687850689655175,5.745016852376114,7.432755823079145,8.240648636056058,0,0,0,1,Cluster 2
55,la marina de port,30271,30047,30232,30385,30584,147.84,146.82,162.56,173.72,200.0,236.62,252.54,244.16,145.72,237.46,199.62,156.22,147.7,126.26,123.16,112.7,60.0,20.76,20.8,163.43541666666667,152.22916666666666,126.0,44,10,18.51851851851852,0.0,0.5956678511073554,0.6030646942156912,0.0,1065.0833333333333,206.43055555555554,789.1666666666666,697.0104166666666,789.1666666666666,697.0104166666666,25874,8.459979074025634,249,0,0,0,0,0,0,41.36127333333334,2.140595777777778,3.776817010814102,3.4406272041253314,0.9283331558175909,0,0,0,2,Cluster 3
56,la Marina del Prat Vermell,1172,1144,1125,1143,1149,5.54,4.76,7.0,8.32,9.64,7.9,7.66,9.38,4.06,9.26,7.74,5.7,4.98,3.84,4.0,5.78,3.1,0.84,0.9,5.85625,6.0875,75.0,95,25,20.833333333333336,0.0,2.2614923322626144,1.5899656849063737,0.968537006691326,68.325,12.75,37.6875,57.28125,37.6875,57.28125,1670,14.53437771975631,203,0,0,0,0,0,0,41.34087593129771,2.14204948091603,5.635445636966377,5.448613674034733,2.8552001842372072,0,0,0,3,Cluster 4
57,la Maternitat i Sant Ramon,23667,23564,23817,23848,23948,90.86,91.4,113.56,160.5,171.48,174.42,164.12,147.02,92.38,151.86,157.46,167.88,168.46,139.06,105.72,92.46,58.36,25.66,35.4,131.95625,115.63541666666667,47.0,53,12,18.461538461538463,0.6549646004904119,0.8413601135743399,0.8973524441684649,0.8320900701094378,581.2833333333333,151.59722222222223,459.2083333333333,381.09375,459.2083333333333,381.09375,14094,5.885251377985635,387,0,0,0,0,0,0,41.37537133913044,2.111945191304348,5.034519801450804,1.149693155341643,3.3392707078556376,0,0,2,2,Cluster 3
58,la Nova Esquerra de l'Eixample,57819,57619,57665,57648,58180,197.94,204.42,286.48,441.32,494.72,481.04,422.8,385.28,201.56,386.16,385.44,368.9,341.6,274.88,229.22,216.5,153.78,73.36,99.1,322.9916666666667,278.9479166666667,22.0,24,11,31.428571428571427,0.7260974035639985,0.714358164613204,0.803326145879527,0.0,1397.9166666666667,369.8888888888889,1059.5104166666667,965.3020833333334,1059.5104166666667,965.3020833333334,35304,6.068064627019595,73,0,0,0,0,0,0,41.38254480851064,2.1486825531914895,1.859947251357854,2.8423666055051364,1.8503058081177783,0,8,0,0,Cluster 1
59,la prosperitat,26299,26089,25979,26167,26389,107.66,107.38,116.88,140.2,182.58,222.42,206.82,191.62,114.42,167.08,146.46,135.04,160.32,163.88,147.14,114.06,58.76,23.04,17.7,143.47708333333333,129.27916666666667,58.0,14,5,26.31578947368421,0.06214177839785238,0.5423925121142686,0.5486670840166458,0.0,921.7833333333333,187.56944444444446,661.3958333333334,631.5104166666666,661.3958333333334,631.5104166666666,22152,8.394406760392588,377,0,0,0,0,0,0,41.44289486363636,2.1806039999999998,6.269182180147147,8.41536500788891,8.929234771365856,0,0,0,2,Cluster 3
60,la Sagrada Família,51806,51299,51097,51322,51539,172.56,181.68,242.18,369.76,454.16,445.6,387.02,367.12,173.92,364.94,342.16,301.86,279.78,222.14,198.22,205.82,153.96,71.82,96.2,289.9895833333333,245.55833333333334,45.0,30,19,38.775510204081634,0.4548854711493736,0.578007405242835,0.5347363335893096,0.0,1298.525,323.2638888888889,987.7916666666666,877.8125,987.7916666666666,877.8125,32465,6.299113292846195,70,0,0,0,0,0,0,41.40556758620689,2.176797448275862,2.136270534590488,5.634993019384824,4.948714718493341,0,2,0,0,Cluster 1
61,la Sagrera,28911,28660,28887,28796,29084,103.24,111.42,135.18,173.8,216.12,239.08,211.96,201.6,113.68,195.7,202.14,209.18,188.46,140.44,122.7,102.32,65.3,26.6,28.2,160.04375,140.66041666666666,34.0,23,15,39.473684210526315,0.11240692344111351,0.5323993258498285,0.5335287684796254,0.0,834.8583333333333,202.56944444444446,650.8854166666666,544.6145833333334,650.8854166666666,544.6145833333334,20303,6.980814193370925,58,0,0,0,0,0,0,41.42348406666667,2.188474511111111,4.332787108904378,7.459348716113087,7.164914063581319,0,1,0,2,Cluster 3
62,la Salut,13210,13166,13227,13118,13185,50.64,53.62,60.82,85.56,106.02,105.28,96.74,84.2,54.96,78.24,82.86,84.88,87.46,70.44,55.7,50.6,34.3,16.04,28.8,74.31458333333333,62.989583333333336,22.0,29,5,14.705882352941178,0.0,0.4467763920312312,0.40664186744244696,0.0,330.85833333333335,84.19444444444444,256.4166666666667,220.30208333333334,256.4166666666667,220.30208333333334,8208,6.225255972696245,31,0,0,0,0,0,0,41.41284282857143,2.1575349142857143,3.0567195535716,4.683402018839343,5.252443028534875,0,0,0,1,Cluster 2
63,la teixonera,11654,11435,11361,11277,11619,48.9,47.66,54.26,66.2,82.96,100.44,102.48,90.14,48.7,77.26,69.38,63.56,64.62,58.82,50.0,40.08,24.5,8.72,9.9,61.65,57.82083333333333,37.0,16,4,20.0,0.13405837499166037,0.4066491468544909,0.39824038107171306,0.0,324.7916666666667,69.93055555555556,234.88541666666666,223.55208333333334,234.88541666666666,223.55208333333334,7890,6.790601600826233,75,0,0,0,0,0,0,41.42282359090909,2.1460984545454544,4.456607614635573,4.898870079371337,6.328942928987761,0,0,0,1,Cluster 2
64,la trinitat nova,7551,7388,7332,7257,7261,35.18,33.76,38.98,44.54,52.12,60.06,60.38,56.3,37.56,51.92,48.24,36.02,30.6,21.82,25.24,33.32,23.42,9.14,9.1,40.08125,36.5625,29.0,21,8,27.586206896551722,0.16837542191361513,0.4155449772056962,0.4308896595899543,0.0,404.8333333333333,70.48611111111111,260.125,298.78125,260.125,298.78125,9514,13.102878391406144,68,0,0,0,0,0,0,41.44947264864865,2.184536027027027,7.042055363753897,9.186096410931166,9.724055417134899,0,0,0,3,Cluster 4
65,la trinitat vella,10423,10241,10059,10032,9983,47.12,52.88,61.84,66.38,84.54,101.28,91.66,76.96,58.54,66.08,50.22,42.88,44.52,35.16,28.82,23.8,13.34,4.7,8.4,50.9375,54.766666666666666,23.0,22,3,12.0,0.33467005956901413,0.3964762384622589,0.7867646038866823,0.0,539.9166666666666,92.69444444444444,343.1666666666667,401.25,343.1666666666667,401.25,12645,12.666533106280678,64,0,0,0,0,0,0,41.45111265853659,2.1974069268292684,7.476834343123972,10.034320592391346,10.265244774369624,0,0,0,1,Cluster 2
66,la Vall d'Hebron,5494,5490,5468,5686,5784,24.68,24.94,24.38,26.56,30.7,35.94,42.44,42.26,23.38,45.8,38.86,32.92,39.68,36.28,27.96,21.02,14.04,5.02,5.7,30.645833333333332,27.525,51.0,13,5,27.77777777777778,0.6057498083135773,0.5664211703370648,0.7346912942525757,0.0,150.40833333333333,32.666666666666664,108.19791666666667,104.3125,108.19791666666667,104.3125,3671,6.346818810511756,77,0,0,0,0,0,0,41.430295173913045,2.1469442173913045,5.183925531217903,5.651913796189159,7.155125250716482,0,0,0,3,Cluster 4
67,la verneda i la pau,29154,28813,28738,28645,28691,116.28,117.32,132.92,150.74,181.14,217.56,218.58,207.6,120.06,197.42,181.1,173.26,190.78,172.7,153.48,130.08,72.94,28.02,33.3,157.225,142.86041666666668,28.0,36,12,25.0,0.054028686275098825,0.619015483094828,0.5966015090916058,0.0,1002.8916666666667,224.88888888888889,750.4479166666666,671.8333333333334,750.4479166666666,671.8333333333334,24715,8.614199574779548,121,0,0,0,0,0,0,41.42387815686274,2.2041981568627453,4.9894513335926645,8.59731835286009,7.8820389288985595,0,0,0,2,Cluster 3
68,la Vila Olímpica del Poblenou,9319,9364,9326,9335,9367,57.7,63.26,49.88,44.7,54.9,71.74,75.98,83.18,50.94,89.02,76.76,57.92,43.5,25.2,16.02,12.54,7.58,2.84,6.6,49.61875,47.69583333333333,50.0,13,10,43.47826086956522,0.04398475015756079,0.4673567084787821,0.474486695471247,0.4435361607409807,255.25,61.19444444444444,190.45833333333334,174.5,190.45833333333334,174.5,6349,6.778050603181382,178,0,0,0,0,0,0,41.39037107142857,2.1952299642857143,2.133490624657401,6.738660904700443,4.669644740626757,0,0,0,3,Cluster 4
69,la Vila de Gràcia,50615,50448,50415,50584,50662,167.74,149.06,213.6,397.26,554.38,544.78,430.84,349.96,186.1,314.86,279.34,248.96,228.2,187.1,172.46,183.0,138.02,67.16,103.6,287.21458333333334,239.29375,76.0,35,8,18.6046511627907,0.3828122471735957,0.6451911655865832,0.6319300752239904,0.054258392411419054,1312.475,307.31944444444446,998.625,872.4583333333334,998.625,872.4583333333334,31988,6.314002605503139,319,0,0,0,0,0,0,41.40258712,2.15538694,2.1245231592725555,3.8809731626419444,4.10017461344202,1,1,1,0,Cluster 1
70,les Corts,46183,45984,46000,45932,46009,167.92,176.38,220.5,293.86,324.18,342.22,319.66,297.74,182.78,306.38,321.42,320.1,323.74,255.24,197.92,173.36,119.2,53.38,79.9,256.3875,223.00416666666666,40.0,45,22,32.83582089552239,0.44997106545293375,0.6871052116882929,0.6633496476859125,0.6564533090801947,1118.075,295.6111111111111,871.8020833333334,747.5,871.8020833333334,747.5,27912,6.066639135821252,40,0,0,0,0,0,0,41.38727869736842,2.134581157894737,2.972411039631221,1.6562114074953294,2.6946351673973927,0,2,1,0,Cluster 1
71,les roquetes,15768,15564,15398,15398,15590,74.08,70.54,89.28,104.48,125.66,137.8,129.08,119.44,79.28,98.44,88.22,75.52,82.4,65.66,55.26,46.56,23.0,8.8,9.2,83.50625,78.40625,39.0,29,7,19.444444444444446,0.11764783376808975,0.3480302493757398,0.3205767544741574,0.0,622.725,124.0,443.2291666666667,428.1770833333333,443.2291666666667,428.1770833333333,15135,9.708146247594613,161,0,0,0,0,0,0,41.447271224999994,2.174706225,6.704606190264175,8.48998182368495,9.272763062837688,0,0,0,1,Cluster 2
72,les Tres Torres,15984,16161,16498,16473,16667,99.62,99.28,105.28,83.38,83.2,102.58,117.16,120.1,99.76,114.86,96.52,87.26,87.1,73.68,62.24,55.7,36.92,17.28,34.2,91.26041666666667,79.12083333333334,,21,9,30.0,0.3099189003554461,0.5812202032836526,0.666940257462291,0.2997892382065569,212.625,45.916666666666664,160.14583333333334,140.07291666666666,160.14583333333334,140.07291666666666,5344,3.2063358732825344,0,0,0,0,0,0,0,41.397368,2.1292541282051283,3.6062483846440974,1.7833361845221722,3.894999523641091,0,2,1,1,Cluster 2
